sample_id,historical_score
S06,0.295053
S07,0.712314
S08,0.568569
S09,0.371207
S10,0.472153
S11,0.718042
S12,0.664367
S13,0.504976
S14,0.333669
S15,0.458685
