{
  "3": {
    "sigma": {
      "bagged": 0.02336046630766366,
      "ridge": 0.04272588500063979,
      "lasso": 0.0527390735032826,
      "en": 0.052332499560582314,
      "ols": 0.06725519007166537
    },
    "misclass": {
      "bagged": 0.08166745545919298,
      "ridge": 0.14843995376400893,
      "lasso": 0.18174238650557376,
      "en": 0.18041141999364255,
      "ols": 0.22790566201954593
    }
  },
  "4": {
    "sigma": {
      "bagged": 0.018778246450615182,
      "ridge": 0.022175592512530987,
      "lasso": 0.03315205792608996,
      "en": 0.03310458820798284,
      "ols": 0.0584014750393634
    },
    "misclass": {
      "bagged": 0.06581126842959745,
      "ridge": 0.07755328710463318,
      "lasso": 0.11569434163374696,
      "en": 0.11553020388869599,
      "ols": 0.20007573859128253
    }
  },
  "5": {
    "sigma": {
      "bagged": 0.016163785745251406,
      "ridge": 0.016190365349026604,
      "lasso": 0.029185303286435697,
      "en": 0.02889055318769638,
      "ols": 0.05558038857654692
    },
    "misclass": {
      "bagged": 0.056838118140200636,
      "ridge": 0.05692914528110222,
      "lasso": 0.10193657034342898,
      "en": 0.10091161314809965,
      "ols": 0.19099010585928197
    }
  },
  "6": {
    "sigma": {
      "bagged": 0.013144173789496656,
      "ridge": 0.014076600122540528,
      "lasso": 0.025320374449467737,
      "en": 0.025025429681857,
      "ols": 0.04997306863436392
    },
    "misclass": {
      "bagged": 0.04648553641147739,
      "ridge": 0.04968901171833924,
      "lasso": 0.08848504498727232,
      "en": 0.08745844373003375,
      "ols": 0.17265074993957294
    }
  },
  "7": {
    "sigma": {
      "bagged": 0.011696543042302263,
      "ridge": 0.012635536437430199,
      "lasso": 0.02223448352174684,
      "en": 0.02204077341876403,
      "ols": 0.03446662533008661
    },
    "misclass": {
      "bagged": 0.0414808300724621,
      "ridge": 0.04473232732729,
      "lasso": 0.07775758694242493,
      "en": 0.07708566465904475,
      "ols": 0.12023391208169369
    }
  }
}