{
  "stressor": {
    "Bagged ridge": {
      "1.0": 0.07482798165137615,
      "1.5": 0.10808486238532111,
      "2.0": 0.13761467889908258,
      "3.0": 0.22075688073394495
    },
    "Single ridge": {
      "1.0": 0.09747706422018348,
      "1.5": 0.13761467889908258,
      "2.0": 0.18635321100917432,
      "3.0": 0.2861238532110092
    },
    "Single LASSO": {
      "1.0": 0.13646788990825687,
      "1.5": 0.21502293577981652,
      "2.0": 0.2861238532110092,
      "3.0": 0.4202981651376147
    },
    "Single elastic net": {
      "1.0": 0.14105504587155962,
      "1.5": 0.22419724770642202,
      "2.0": 0.294151376146789,
      "3.0": 0.43979357798165136
    },
    "Single OLS": {
      "1.0": 0.35493119266055045,
      "1.5": 0.5200688073394495,
      "2.0": 0.6467889908256881,
      "3.0": 0.7236238532110092
    }
  },
  "per_1000": {
    "Bagged ridge": {
      "median": 74.82798165137615,
      "p90": 87.1559633027523,
      "p99": 103.79013761467891
    },
    "Single ridge": {
      "median": 97.47706422018348,
      "p90": 142.77522935779817,
      "p99": 190.36697247706422
    },
    "Single LASSO": {
      "median": 136.46788990825686,
      "p90": 251.72018348623854,
      "p99": 251.72018348623854
    },
    "Single elastic net": {
      "median": 141.05504587155963,
      "p90": 248.27981651376146,
      "p99": 248.27981651376146
    },
    "Single OLS": {
      "median": 354.93119266055044,
      "p90": 354.93119266055044,
      "p99": 354.93119266055044
    }
  },
  "analyst_range": {
    "Bagged ridge": {
      "p10": 0.0625,
      "p50": 0.07482798165137615,
      "p90": 0.0871559633027523,
      "range_pp": 2.46559633027523
    },
    "Single ridge": {
      "p10": 0.07339449541284404,
      "p50": 0.09747706422018348,
      "p90": 0.14277522935779816,
      "range_pp": 6.938073394495412
    },
    "Single LASSO": {
      "p10": 0.08658256880733944,
      "p50": 0.13646788990825687,
      "p90": 0.25172018348623854,
      "range_pp": 16.51376146788991
    },
    "Single elastic net": {
      "p10": 0.0963302752293578,
      "p50": 0.14105504587155962,
      "p90": 0.24827981651376146,
      "range_pp": 15.194954128440367
    },
    "Single OLS": {
      "p10": 0.35493119266055045,
      "p50": 0.35493119266055045,
      "p90": 0.35493119266055045,
      "range_pp": 0.0
    }
  }
}