{
  "median_by_K": {
    "3": {
      "bagged": 0.02336046630766366,
      "ridge": 0.04272588500063979,
      "lasso": 0.0527390735032826,
      "en": 0.052332499560582314,
      "ols": 0.06725519007166537
    },
    "4": {
      "bagged": 0.018778246450615182,
      "ridge": 0.022175592512530987,
      "lasso": 0.03315205792608996,
      "en": 0.03310458820798284,
      "ols": 0.0584014750393634
    },
    "5": {
      "bagged": 0.016163785745251406,
      "ridge": 0.016190365349026604,
      "lasso": 0.029185303286435697,
      "en": 0.02889055318769638,
      "ols": 0.05558038857654692
    },
    "6": {
      "bagged": 0.013144173789496656,
      "ridge": 0.014076600122540528,
      "lasso": 0.025320374449467737,
      "en": 0.025025429681857,
      "ols": 0.04997306863436392
    },
    "7": {
      "bagged": 0.011696543042302263,
      "ridge": 0.012635536437430199,
      "lasso": 0.02223448352174684,
      "en": 0.02204077341876403,
      "ols": 0.03446662533008661
    }
  },
  "ridge_p90_by_K": {
    "3": 0.07150324079428949,
    "4": 0.026146027553783032,
    "5": 0.024149906665390197,
    "6": 0.021591338599381078,
    "7": 0.01808231540384641
  }
}