{
  "Bagged ridge": {
    "median": 0.07482798165137615,
    "p90": 0.0871559633027523,
    "p99": 0.10379013761467891,
    "worst": 0.10435779816513761
  },
  "Single ridge": {
    "median": 0.09747706422018348,
    "p90": 0.14277522935779816,
    "p99": 0.19036697247706422,
    "worst": 0.19036697247706422
  },
  "Single LASSO": {
    "median": 0.13646788990825687,
    "p90": 0.25172018348623854,
    "p99": 0.25172018348623854,
    "worst": 0.25172018348623854
  },
  "Single elastic net": {
    "median": 0.14105504587155962,
    "p90": 0.24827981651376146,
    "p99": 0.24827981651376146,
    "worst": 0.24827981651376146
  },
  "Single OLS": {
    "median": 0.35493119266055045,
    "p90": 0.35493119266055045,
    "p99": 0.35493119266055045,
    "worst": 0.35493119266055045
  }
}